{"time_penalty": -0.01, "max_steps": 71, "time_threshold": 7, "learning_rate": 0.007931347709857924, "batch_size": 512, "n_steps": 1147, "gamma": 0.9963891457817553, "gae_lambda": 0.9986198385025079}