{"time_penalty": -0.5, "max_steps": 100, "time_threshold": 12, "ALPHA": 0.5360916525997296, "BETA": 0.036292069296345555, "GAMMA": 0.7819832397868647, "DELTA": 0.48995492899389725, "EPSILON": 0.010233798922578412, "ZETA": 0.14601543211790252, "learning_rate": 9.312381779306528e-05, "batch_size": 8, "n_steps": 737, "gamma": 0.9290478043741474, "gae_lambda": 0.8579025734016984}