{"time_penalty": -0.01, "max_steps": 92, "time_threshold": 19, "learning_rate": 0.00015264608084883594, "batch_size": 8, "n_steps": 840, "gamma": 0.9985688920542484, "gae_lambda": 0.9136792842697599}